CASE_ID,ACCIDENT_YEAR,PROC_DATE,JURIS,COLLISION_DATE,COLLISION_TIME,OFFICER_ID,REPORTING_DISTRICT,DAY_OF_WEEK,CHP_SHIFT,POPULATION,CNTY_CITY_LOC,SPECIAL_COND,BEAT_TYPE,CHP_BEAT_TYPE,CITY_DIVISION_LAPD,CHP_BEAT_CLASS,BEAT_NUMBER,PRIMARY_RD,SECONDARY_RD,DISTANCE,DIRECTION,INTERSECTION,WEATHER_1,WEATHER_2,STATE_HWY_IND,CALTRANS_COUNTY,CALTRANS_DISTRICT,STATE_ROUTE,ROUTE_SUFFIX,POSTMILE_PREFIX,POSTMILE,LOCATION_TYPE,RAMP_INTERSECTION,SIDE_OF_HWY,TOW_AWAY,COLLISION_SEVERITY,NUMBER_KILLED,NUMBER_INJURED,PARTY_COUNT,PRIMARY_COLL_FACTOR,PCF_CODE_OF_VIOL,PCF_VIOL_CATEGORY,PCF_VIOLATION,PCF_VIOL_SUBSECTION,HIT_AND_RUN,TYPE_OF_COLLISION,MVIW,PED_ACTION,ROAD_SURFACE,ROAD_COND_1,ROAD_COND_2,LIGHTING,CONTROL_DEVICE,CHP_ROAD_TYPE,PEDESTRIAN_ACCIDENT,BICYCLE_ACCIDENT,MOTORCYCLE_ACCIDENT,TRUCK_ACCIDENT,NOT_PRIVATE_PROPERTY,ALCOHOL_INVOLVED,STWD_VEHTYPE_AT_FAULT,CHP_VEHTYPE_AT_FAULT,COUNT_SEVERE_INJ,COUNT_VISIBLE_INJ,COUNT_COMPLAINT_PAIN,COUNT_PED_KILLED,COUNT_PED_INJURED,COUNT_BICYCLIST_KILLED,COUNT_BICYCLIST_INJURED,COUNT_MC_KILLED,COUNT_MC_INJURED,PRIMARY_RAMP,SECONDARY_RAMP,LATITUDE,LONGITUDE,COUNTY,CITY,POINT_X,POINT_Y
7106489,2015,2017-02-01,1942,2015-10-15,0540,41126,1411,4,5,7,1942,0,0,0,N,0,14A67,"LINCOLN BL","CULVER LOOP",0.00,,Y,A,-,Y,LA,7,1,-,-,30.449,I,5,N,N,4,0,1,2,A,-,12,21453,A,F,G,G,A,A,H,-,A,A,0,,Y,,,Y,,-,99,0,0,1,0,0,0,1,0,0,"- ","- ",,,"LOS ANGELES","LOS ANGELES",-118.43276513000001,33.975729049999998
7106887,2015,2017-02-03,1942,2015-10-03,0855,35945,0853,6,5,7,1942,0,0,0,H,0,8T83,"SANTA MONICA BL","SAWTELLE BL",0.00,,Y,A,-,Y,LA,7,2,-,-,3.561,I,5,E,Y,3,0,2,2,A,-,09,21801,A,N,E,I,A,A,H,-,A,A,0,,,,,Y,,A,07,0,1,1,0,0,0,0,0,0,"- ","- ",,,"LOS ANGELES","LOS ANGELES",-118.44806632,34.046588300000003
7108100,2015,2017-01-28,1942,2015-09-23,1140,37724,0514,3,5,7,1942,0,0,0,E,0,12T73,"FIGUEROA ST","PACIFIC COAST HWY",0.00,,Y,A,-,Y,LA,7,1,-,-,11.559,I,6,S,N,4,0,1,2,A,-,10,21950,A,F,G,B,B,A,H,-,A,A,0,Y,,,,Y,,-,99,0,0,1,0,1,0,0,0,0,"- ","- ",,,"LOS ANGELES","LOS ANGELES",-118.2812785,33.79041995
7108531,2015,2017-02-01,1942,2015-10-07,2035,36754,05116,3,5,7,1942,0,0,0,E,0,12173,"PACIFIC COAST HWY","MARINE AV",0.00,,Y,A,-,Y,LA,7,1,-,-,10.607,I,5,N,N,2,0,1,2,A,-,11,21954,A,N,G,B,D,A,H,-,C,D,0,Y,,,,Y,,N,60,1,0,0,0,1,0,0,0,0,"- ","- ",,,"LOS ANGELES","LOS ANGELES",-118.26463382999999,33.79114096
7109125,2015,2017-01-28,1942,2015-08-27,1645,41974,RD053,4,5,7,1942,0,0,0,,0,5A25,PCH,"BROAD AV",0.00,,Y,A,-,Y,LA,7,1,-,-,10.436,I,5,S,N,3,0,1,2,A,-,09,21801,A,N,D,C,A,A,H,-,A,A,0,,,,,Y,,A,01,0,1,0,0,0,0,0,0,0,"- ","- ",,,"LOS ANGELES","LOS ANGELES",-118.26167073000001,33.791223629999998
7110370,2015,2017-02-01,1942,2015-10-25,1615,141376,1433,7,5,7,1942,0,0,0,N,0,14T54,"VENICE BL","LINCOLN BL",0.00,,Y,A,-,Y,LA,7,1,-,-,32.166,I,5,N,N,3,0,1,2,A,-,12,21453,A,N,D,G,A,A,H,-,A,A,0,,Y,,,Y,,A,01,0,1,0,0,0,0,1,0,0,"- ","- ",,,"LOS ANGELES","LOS ANGELES",-118.45273434000001,33.994111279999998
7110393,2015,2017-02-03,1942,2015-10-14,1700,31255,1454,3,5,7,1942,0,0,0,N,0,20TL56,"MINDANAO WY","MARINA EXPWY",0.00,,Y,A,-,Y,LA,7,90,-,-,1.202,I,6,E,N,3,0,1,2,A,-,08,22107,,N,D,G,A,A,H,-,A,A,0,,Y,,,Y,,A,07,0,1,0,0,0,0,1,0,0,"- ","- ",,,"LOS ANGELES","LOS ANGELES",-118.43805825,33.98297118
7110403,2015,2017-02-02,1942,2015-10-13,1540,38598,0551,2,5,7,1942,0,0,0,E,0,523W2,"WESTERN AV","WEYMOUTH AV",0.00,,Y,A,-,Y,LA,7,213,-,-,1.674,I,5,N,N,4,0,1,2,A,-,09,21801,A,N,D,C,A,A,H,-,A,A,0,,,Y,,Y,,A,08,0,0,1,0,0,0,0,0,1,"- ","- ",,,"LOS ANGELES","LOS ANGELES",-118.31036456,33.741871949999997
7110411,2015,2017-02-01,1942,2015-10-05,1930,36989,0519,1,5,7,1942,0,0,0,E,0,5A24,"PACIFIC COAST HWY","BLINN AV",0.00,,Y,C,-,Y,LA,7,1,-,-,9.531,I,5,N,N,4,0,1,2,A,-,09,21801,A,N,D,C,A,B,H,-,C,A,0,,,,,Y,,A,01,0,0,1,0,0,0,0,0,0,"- ","- ",,,"LOS ANGELES","LOS ANGELES",-118.24555865000001,33.791103419999999
7110526,2015,2017-02-01,1942,2015-10-06,1835,36754,0531,2,5,7,1942,0,0,0,E,0,18T39,"PACIFIC COAST HWY","BELLE PORTE AV",24.00,N,N,A,-,Y,LA,7,1,-,-,18.733,I,5,S,Y,4,0,2,4,A,-,03,22350,,N,C,C,A,A,H,-,A,A,0,,,,,Y,,A,01,0,0,2,0,0,0,0,0,0,"- ","- ",,,"LOS ANGELES","LOS ANGELES",-118.38563962000001,33.826873990000003
7110540,2015,2017-02-01,1942,2015-10-06,0745,38644,0515,2,5,7,1942,0,0,0,E,0,5A85,"NEPTUNE AV","PACIFIC COAST HWY",0.00,,Y,A,-,Y,LA,7,1,-,-,10.901,I,6,S,N,3,0,1,2,A,-,09,21804,A,N,G,G,A,A,H,-,A,A,0,,Y,,,Y,,L,04,0,1,0,0,0,0,1,0,0,"- ","- ",,,"LOS ANGELES","LOS ANGELES",-118.26971807,33.790771530000001
7120342,2015,2017-02-03,1942,2015-10-24,1320,40460,0656,6,5,7,1942,0,0,0,F,0,6TL2,"SANTA MONICA BL","CAHUENGA BL",0.00,,Y,A,-,Y,LA,7,2,-,-,11.451,I,5,E,Y,2,0,2,3,A,-,12,21453,A,N,D,C,A,A,H,-,A,A,0,,,,,Y,,A,01,1,1,0,0,0,0,0,0,0,"- ","- ",,,"LOS ANGELES","LOS ANGELES",-118.32896802,34.09073806
7121309,2015,2017-02-01,1942,2015-11-06,1730,41574,1454,5,5,7,1942,0,0,0,N,0,14A73,"LINCOLN BL","MINDANAO WY",0.00,,Y,A,-,Y,LA,7,1,-,-,30.921,I,5,N,Y,4,0,1,3,A,-,12,21453,A,N,D,C,A,A,H,-,C,A,0,,,,,Y,,A,07,0,0,1,0,0,0,0,0,0,"- ","- ",,,"LOS ANGELES","LOS ANGELES",-118.43902273,33.980556069999999
7123438,2015,2017-02-01,1942,2015-11-16,1240,41799,0513,1,5,7,1942,0,0,0,E,0,5Z3,"VERMONT AV","PACIFIC COAST HWY",0.00,,Y,A,-,Y,LA,7,1,-,-,12.171,I,5,S,N,4,0,1,3,A,-,03,22350,,N,C,-,A,A,H,-,A,D,0,,,,,Y,,A,01,0,0,1,0,0,0,0,0,0,"- ","- ",,,"LOS ANGELES","LOS ANGELES",-118.29175132,33.790947709999998
7123654,2015,2017-02-03,1942,2015-10-31,0840,38282,0853,6,5,7,1942,0,0,0,H,0,7TL23,"BELOIT AV","SANTA MONICA BL",20.00,N,N,A,-,Y,LA,7,2,-,-,3.631,I,6,W,Y,2,0,1,1,A,-,08,22107,,N,E,I,A,A,H,-,A,A,0,,,,,Y,,A,08,1,0,0,0,0,0,0,0,0,"- ","- ",,,"LOS ANGELES","LOS ANGELES",-118.44691013000001,34.046909139999997
7123667,2015,2017-01-28,1942,2015-10-12,1200,40452,0678,1,5,7,1942,0,0,0,F,0,6TL11,"WESTERN AV","SANTA MONICA BL",20.00,N,N,A,-,Y,LA,7,2,-,-,12.580,I,6,W,N,4,0,1,2,A,-,04,21703,,N,C,C,A,A,H,-,A,D,0,,,,,Y,,D,22,0,0,1,0,0,0,0,0,0,"- ","- ",,,"LOS ANGELES","LOS ANGELES",-118.30937382,34.090774529999997
7125126,2015,2017-02-01,1942,2015-11-09,1220,38717,1414,1,5,7,1942,0,0,0,N,0,14A13,"LINCOLN BL","VERNON AV",10.00,N,N,A,-,Y,LA,7,1,-,-,32.961,I,5,S,N,4,0,1,2,A,-,10,21950,A,N,G,B,B,A,H,-,A,A,0,Y,,,,Y,,A,07,0,0,1,0,1,0,0,0,0,"- ","- ",,,"LOS ANGELES","LOS ANGELES",-118.46457703,33.999693909999998
7125142,2015,2017-02-02,1942,2015-11-03,2040,40899,1409,2,5,7,1942,0,0,0,N,0,8T35,"VENICE BL","EXPOSITION BL",15.00,E,N,A,-,Y,LA,7,187,-,-,7.780,I,5,E,N,3,0,1,2,D,-,00,,,N,G,B,B,A,H,-,C,A,0,Y,,,,Y,,-,"- ",0,1,0,0,1,0,0,0,0,"- ","- ",,,"LOS ANGELES","LOS ANGELES",-118.39016404,34.028092280000003
7125162,2015,2017-02-01,1942,2015-11-06,1840,40460,1432,5,5,7,1942,0,0,0,N,0,20TL59,"VICTORIA AV","LINCOLN BL",0.00,,Y,A,-,Y,LA,7,1,-,-,32.311,I,6,S,N,3,0,1,2,A,-,05,21650,1,N,H,G,A,A,H,-,D,A,0,,Y,,,Y,,L,04,0,1,0,0,0,0,1,0,0,"- ","- ",,,"LOS ANGELES","LOS ANGELES",-118.45500714000001,33.995085070000002
7125169,2015,2017-02-01,1942,2015-11-13,1720,37613,1474,5,5,7,1942,0,0,0,N,0,14TL54,"LINCOLN BL","85TH ST",0.00,,Y,A,-,Y,LA,7,1,-,-,29.171,I,5,S,Y,4,0,2,2,A,-,09,21801,A,N,D,C,A,A,H,-,C,A,0,,,,,Y,,A,01,0,0,2,0,0,0,0,0,0,"- ","- ",,,"LOS ANGELES","LOS ANGELES",-118.42009665,33.960633399999999
7125170,2015,2017-02-01,1942,2015-11-02,1635,37700,1474,1,5,7,1942,0,0,0,N,0,20TL56,"LINCOLN BL","83RD ST",0.00,,Y,B,-,Y,LA,7,1,-,-,29.371,I,5,N,Y,3,0,2,2,A,-,09,21801,A,N,A,C,A,B,H,-,A,A,0,,,,,Y,,A,01,0,1,1,0,0,0,0,0,0,"- ","- ",,,"LOS ANGELES","LOS ANGELES",-118.42171236,33.96276881
7125178,2015,2017-02-01,1942,2015-11-12,2025,38921,1454,4,5,7,1942,0,0,0,N,0,20T59,"LINCOLN BL","CULVER LOOP",28.00,N,N,A,-,Y,LA,7,1,-,-,30.449,I,5,N,N,4,0,1,2,A,-,05,21650,1,N,H,G,A,A,H,-,C,A,0,,Y,,,Y,,L,04,0,0,1,0,0,0,1,0,0,"- ","- ",,,"LOS ANGELES","LOS ANGELES",-118.43276513000001,33.975729049999998
7125945,2015,2017-02-02,1942,2015-11-14,1600,37715,0782,6,5,7,1942,0,0,0,G,0,8TL26W,"VENICE BL","CADILLAC AV",0.00,,Y,A,-,Y,LA,7,187,-,-,8.903,I,5,W,N,4,0,4,2,A,-,12,21453,A,N,D,C,A,A,H,-,A,A,0,,,,,Y,,A,01,0,0,4,0,0,0,0,0,0,"- ","- ",,,"LOS ANGELES","LOS ANGELES",-118.37436943,34.037440269999998
7127259,2015,2017-02-02,1942,2015-12-09,0730,31670,0782,3,5,7,1942,0,0,0,G,0,7A21,"LA CIENEGA BL","VENICE BL",20.00,S,N,A,-,Y,LA,7,187,-,-,8.639,I,6,E,N,4,0,1,2,A,-,03,22350,A,F,C,C,A,A,H,-,A,A,0,,,,,Y,,-,99,0,0,1,0,0,0,0,0,0,"- ","- ",,,"LOS ANGELES","LOS ANGELES",-118.37771816,34.035141779999996
7127262,2015,2017-02-01,1942,2015-12-06,1230,37700,0861,7,5,7,1942,0,0,0,H,0,14TL52,"TEMESCAL CANYON BL","PACIFIC COAST HWY",30.00,E,N,A,-,Y,LA,7,1,-,-,38.111,I,6,N,Y,4,0,1,2,A,-,05,21650,,N,D,C,A,A,H,-,A,D,0,,,,,Y,,A,01,0,0,1,0,0,0,0,0,0,"- ","- ",,,"LOS ANGELES","LOS ANGELES",-118.53571822000001,34.035850250000003
7128098,2015,2017-02-03,1942,2015-11-14,1010,39058,0853,6,5,7,1942,0,0,0,H,0,20T55,"SANTA MONICA BL","SAWTELLE BL",0.00,,Y,A,-,Y,LA,7,2,-,-,3.561,I,5,E,N,3,0,2,3,A,-,09,21801,A,N,D,C,A,A,H,-,A,D,0,,,,,Y,,A,01,0,1,1,0,0,0,0,0,0,"- ","- ",,,"LOS ANGELES","LOS ANGELES",-118.44806632,34.046588300000003
7128102,2015,2017-02-01,1942,2015-11-01,1625,37613,1444,7,5,7,1942,0,0,0,N,0,14TL52,"LINCOLN BL","MARINA POINTE DR",0.00,,Y,A,-,Y,LA,7,1,-,-,31.371,I,5,S,Y,4,0,1,2,A,-,12,21453,A,N,D,C,A,A,H,-,A,A,0,,,Y,,Y,Y,A,01,0,0,1,0,0,0,0,0,1,"- ","- ",,,"LOS ANGELES","LOS ANGELES",-118.44361658,33.985632889999998
7128589,2015,2017-02-03,1942,2015-11-18,1205,36755,2103,3,5,7,1942,0,0,0,,0,10TL38,"TOPANGA CANYON BL","CHASE ST",0.00,,Y,A,-,Y,LA,7,27,-,-,16.141,I,6,N,N,4,0,1,2,A,-,11,21456,B,N,G,B,-,A,H,-,A,A,0,Y,,,,Y,,N,60,0,0,1,0,1,0,0,0,0,"- ","- ",,,"LOS ANGELES","LOS ANGELES",-118.60592235,34.224379640000002
7128858,2015,2017-02-03,1942,2015-11-19,1649,41976,2136,4,5,7,1942,0,0,0,,0,21A42,"TOPANGA CANYON RD","VALERIO ST",0.00,,Y,A,-,Y,LA,7,27,-,-,14.791,I,5,S,Y,3,0,1,2,A,-,09,21801,A,F,D,C,A,A,H,-,B,A,0,,,Y,,Y,,-,99,0,1,0,0,0,0,0,0,1,"- ","- ",,,"LOS ANGELES","LOS ANGELES",-118.60603815,34.204621379999999
7134479,2015,2017-01-28,1942,2015-12-02,0755,40452,1454,3,5,7,1942,0,0,0,N,0,6TL11,"MINDANAO WY","RT 90",0.00,,Y,A,-,Y,LA,7,90,-,-,1.202,I,5,E,N,4,0,2,2,A,-,03,22350,,N,C,C,A,A,H,-,A,D,0,,,,,Y,,D,22,0,0,2,0,0,0,0,0,0,"- ","- ",,,"LOS ANGELES","LOS ANGELES",-118.43805825,33.98297118
7134522,2015,2017-02-01,1942,2015-11-18,1620,38007,1415,3,5,7,1942,0,0,0,N,0,14T54,"VERNON AV","LINCOLN BL",10.00,W,N,A,-,Y,LA,7,1,-,-,32.961,I,6,S,N,3,0,1,2,A,-,09,21801,A,N,D,G,A,A,H,-,A,D,0,,Y,,,Y,,A,01,0,1,0,0,0,0,1,0,0,"- ","- ",,,"LOS ANGELES","LOS ANGELES",-118.46457703,33.999693909999998
7134558,2015,2017-02-02,1942,2015-11-19,1515,41276,1407,4,5,7,1942,0,0,0,N,0,14X56,"VENICE BL","JASMINE AV",0.00,E,N,A,-,Y,LA,7,187,-,-,6.979,I,5,E,N,3,0,1,2,A,-,09,21800,,N,B,G,A,A,H,-,A,D,0,,Y,,,Y,,A,07,0,1,0,0,0,0,1,0,0,"- ","- ",,,"LOS ANGELES","LOS ANGELES",-118.40174832,34.021496679999998
7134561,2015,2017-02-02,1942,2015-11-10,1250,36083,1438,2,5,7,1942,0,0,0,N,0,14T52,"VENICE BL","MIDVALE AV",0.00,,Y,A,-,Y,LA,7,187,-,-,6.349,I,5,W,Y,3,0,5,2,A,-,09,21801,A,N,A,C,A,A,H,-,A,A,0,,,,,Y,,A,01,0,1,4,0,0,0,0,0,0,"- ","- ",,,"LOS ANGELES","LOS ANGELES",-118.41106517999999,34.016584119999997
7134578,2015,2017-02-03,1942,2015-11-27,1205,34959,0657,5,5,7,1942,0,0,0,F,0,6TL11,"WILTON PL","SANTA MONICA BL",0.00,,Y,A,-,Y,LA,7,2,-,-,12.320,I,5,E,Y,4,0,2,2,A,-,09,21801,A,N,D,C,A,A,H,-,A,D,0,,,,,Y,,A,01,0,0,2,0,0,0,0,0,0,"- ","- ",,,"LOS ANGELES","LOS ANGELES",-118.31389162000001,34.090766870000003
7136940,2015,2017-02-01,1942,2015-11-27,2100,40971,0514,5,5,7,1942,0,0,0,E,0,3T5,"WILMINGTON BL","PACIFIC COAST HWY",30.00,N,N,A,-,Y,LA,7,1,-,-,11.208,I,6,N,N,3,0,2,2,A,-,03,22350,,F,C,C,A,A,H,-,C,A,0,,,,,Y,,-,99,0,1,1,0,0,0,0,0,0,"- ","- ",,,"LOS ANGELES","LOS ANGELES",-118.27509505,33.790592719999999
7146268,2015,2017-01-31,1942,2015-12-16,0600,36553,1494,3,5,7,1942,0,0,0,N,0,14TL49,"IMPERIAL HWY","CALIFORNIA ST",0.00,,Y,A,-,Y,LA,7,105,-,R,0.051,I,5,W,Y,2,0,2,2,A,-,12,21453,A,N,D,C,A,A,H,-,C,A,0,,,,,Y,,A,01,1,0,1,0,0,0,0,0,0,"- ","- ",,,"LOS ANGELES","LOS ANGELES",-118.40404107000001,33.93150472
7149390,2015,2017-02-03,1942,2015-12-26,1530,40141,2185,6,5,7,1942,0,0,0,,0,19TL76,"VENTURA BL","TOPANGA CANYON BL",160.00,W,N,A,-,Y,LA,7,27,-,-,12.276,I,6,S,Y,4,0,1,3,A,-,08,22107,,F,B,C,A,A,H,-,A,D,0,,,,,Y,,-,99,0,0,1,0,0,0,0,0,0,"- ","- ",,,"LOS ANGELES","LOS ANGELES",-118.60593815,34.168457259999997
7162243,2016,2017-02-11,1942,2016-01-03,0330,25495,0656,7,5,7,1942,0,0,0,F,0,7T23,"SANTA MONICA BL","CAHUENGA BL",0.00,,Y,A,-,Y,LA,7,2,-,-,11.451,I,5,W,N,4,0,1,2,A,-,12,21453,A,N,D,C,A,A,H,-,C,A,0,,,,,Y,,A,07,0,0,1,0,0,0,0,0,0,"- ","- ",,,"LOS ANGELES","LOS ANGELES",-118.32896629,34.090737670000003
7168204,2015,2017-02-03,1942,2015-12-01,1755,38850,2155,2,5,7,1942,0,0,0,,0,15TL44,"TOPANGA CANYON BL","OXNARD ST",0.00,,Y,A,-,Y,LA,7,27,-,-,13.021,I,5,S,N,4,0,1,2,A,-,12,21453,A,N,D,C,A,A,H,-,C,A,0,,,,,Y,,A,01,0,0,1,0,0,0,0,0,0,"- ","- ",,,"LOS ANGELES","LOS ANGELES",-118.60549626,34.179214850000001
7168252,2016,2017-02-11,1942,2016-01-09,2355,41376,1454,6,5,7,1942,0,0,0,N,0,14T47,"MINDANAO WY","MARINA WY",0.00,,Y,B,-,Y,LA,7,90,-,-,1.202,I,5,E,Y,3,0,3,3,A,-,12,21453,A,N,D,C,A,A,H,-,C,A,0,,,,,Y,,A,01,0,2,1,0,0,0,0,0,0,"- ","- ",,,"LOS ANGELES","LOS ANGELES",-118.43805825,33.98297118
7173922,2015,2017-02-03,1942,2015-12-28,1955,36336,2134,1,5,7,1942,0,0,0,,0,15T43,"SATICOY ST","TOPANGA CANYON BL",0.00,,Y,A,-,Y,LA,7,27,-,-,15.041,I,5,N,Y,4,0,1,2,A,-,12,21453,A,N,D,C,A,A,H,-,C,D,0,,,,,Y,,A,07,0,0,1,0,0,0,0,0,0,"- ","- ",,,"LOS ANGELES","LOS ANGELES",-118.60588316,34.208290290000001
7173949,2015,2017-02-01,1942,2015-12-27,1715,38007,1454,7,5,7,1942,0,0,0,N,0,14T54,"MINDANAO WY","LINCOLN BL",0.00,,Y,A,-,Y,LA,7,1,-,-,30.921,I,5,N,Y,4,0,2,2,A,-,09,21801,A,N,A,C,A,A,H,-,C,A,0,,,,,Y,,A,07,0,0,2,0,0,0,0,0,0,"- ","- ",,,"LOS ANGELES","LOS ANGELES",-118.43902273,33.980556069999999
7174198,2016,2017-02-10,1942,2016-01-01,1615,36083,1474,5,5,7,1942,0,0,0,N,0,14T54,"LINCOLN BL","83RD ST",0.00,,Y,A,-,Y,LA,7,1,-,-,29.371,I,5,S,Y,3,0,5,2,A,-,09,21801,A,N,D,C,A,A,H,-,A,D,0,,,,,Y,,A,01,0,3,2,0,0,0,0,0,0,"- ","- ",,,"LOS ANGELES","LOS ANGELES",-118.4218077,33.962672529999999
7174491,2015,2017-02-03,1942,2015-12-31,2215,41316,1771,4,5,7,1942,0,0,0,Q,0,17T13,"TOPANGA CANYON BL","CHATSWORTH ST",0.00,,Y,A,-,Y,LA,7,27,-,-,19.131,I,5,S,Y,4,0,2,2,A,-,09,21802,A,N,D,C,A,A,H,-,C,A,0,,,,,Y,,A,01,0,0,2,0,0,0,0,0,0,"- ","- ",,,"LOS ANGELES","LOS ANGELES",-118.60607213,34.264426919999998
7178663,2016,2017-02-10,1942,2016-01-25,1140,37715,,1,5,7,1942,0,0,0,,0,8T26W4,"VENICE BL","ROBERTSON BL",46.00,W,N,A,-,Y,LA,7,187,-,-,7.780,I,5,E,N,3,0,1,2,A,-,08,22100,B,N,B,C,A,A,H,-,A,A,0,,,Y,,Y,,C,02,0,1,0,0,0,0,0,0,1,"- ","- ",,,"LOS ANGELES","LOS ANGELES",-118.39016404,34.028092280000003
7181731,2015,2017-02-03,1942,2015-12-11,2150,32774,2185,5,5,7,1942,0,0,0,,0,21T61,"TOPANGA CANYON BL","CLARENDON ST",0.00,,Y,A,-,Y,LA,7,27,-,-,12.361,I,5,N,Y,3,0,3,2,A,-,09,21801,A,N,A,C,A,A,H,-,A,D,0,,,,,Y,,A,01,0,2,1,0,0,0,0,0,0,"- ","- ",,,"LOS ANGELES","LOS ANGELES",-118.60577603,34.169701889999999
7183644,2016,2017-02-11,1942,2016-01-18,1650,36755,2185,1,5,7,1942,0,0,0,,0,10TL38,"TOPANGA CANYON BL","AVENUE SAN LUIS",0.00,,Y,C,-,Y,LA,7,27,-,-,12.101,I,5,S,Y,4,0,2,3,A,-,09,21802,A,N,D,C,A,B,H,-,B,A,0,,,,,Y,,A,01,0,0,2,0,0,0,0,0,0,"- ","- ",,,"LOS ANGELES","LOS ANGELES",-118.60584805000001,34.165889819999997
7187175,2016,2017-02-10,1942,2016-01-26,1920,39211,1445,2,5,7,1942,0,0,0,N,0,14A46,"VENICE BL","WADE ST",0.00,,Y,A,-,Y,LA,7,187,-,-,4.481,I,5,E,N,4,0,1,2,A,-,10,21950,A,N,B,B,B,A,H,-,C,A,0,Y,,,,Y,Y,A,01,0,0,1,0,1,0,0,0,0,"- ","- ",,,"LOS ANGELES","LOS ANGELES",-118.43796365999999,34.001319539999997
7187986,2016,2017-02-11,1942,2016-02-02,1540,31255,0677,2,5,7,1942,0,0,0,F,0,8TL26,"SANTA MONICA BL","GOWER ST",0.00,,Y,A,-,Y,LA,7,2,-,-,11.831,I,6,E,N,3,0,1,2,A,-,12,21453,A,N,H,G,A,A,H,-,A,A,0,,Y,,,Y,,-,"- ",0,1,0,0,0,0,1,0,0,"- ","- ",,,"LOS ANGELES","LOS ANGELES",-118.32238781,34.090753599999999
7188142,2016,2017-02-11,1942,2016-02-07,2245,37078,1454,7,5,7,1942,0,0,0,N,0,14EL1,"MINDANAO WY","RT 90",10.00,N,N,A,-,Y,LA,7,90,-,-,1.201,I,5,W,N,4,0,1,2,A,-,08,22100,B,F,D,C,A,A,H,-,C,A,0,,,,,Y,,-,99,0,0,1,0,0,0,0,0,0,"- ","- ",,,"LOS ANGELES","LOS ANGELES",-118.43780586,33.983817219999999
7188180,2016,2017-02-11,1942,2016-01-15,0610,42123,851,5,5,7,1942,0,0,0,,0,8A35,"SANTA MONICA BL","BUNDY DR",0.00,,Y,A,-,Y,LA,7,2,-,-,2.600,I,5,E,Y,4,0,1,2,A,-,12,21453,A,N,A,C,A,A,H,-,A,A,0,,,,,Y,,A,01,0,0,1,0,0,0,0,0,0,"- ","- ",,,"LOS ANGELES","LOS ANGELES",-118.46335195,34.040546300000003
7189471,2016,2017-02-11,1942,2016-01-31,0800,25839,0531,7,5,7,1942,0,0,0,E,0,5TL23,"PACIFIC COAST HWY","WESTERN AV",0.00,,Y,C,-,Y,LA,7,1,-,-,13.104,I,5,S,Y,4,0,2,2,A,-,03,22350,,N,D,C,A,B,H,-,A,A,0,,,,,Y,,A,07,0,0,2,0,0,0,0,0,0,"- ","- ",,,"LOS ANGELES","LOS ANGELES",-118.30761566,33.789415249999998
7189486,2016,2017-02-11,1942,2016-01-13,0910,38644,0515,3,5,7,1942,0,0,0,E,0,5A15,"RT 1","AVALON BL",0.00,,Y,A,-,Y,LA,7,1,-,-,10.532,I,5,N,N,4,0,2,3,A,-,12,21453,A,N,D,C,A,A,H,-,A,A,0,,,,,Y,,A,01,0,0,2,0,0,0,0,0,0,"- ","- ",,,"LOS ANGELES","LOS ANGELES",-118.26334825000001,33.791209350000003