CASE_ID,ACCIDENT_YEAR,PROC_DATE,JURIS,COLLISION_DATE,COLLISION_TIME,OFFICER_ID,REPORTING_DISTRICT,DAY_OF_WEEK,CHP_SHIFT,POPULATION,CNTY_CITY_LOC,SPECIAL_COND,BEAT_TYPE,CHP_BEAT_TYPE,CITY_DIVISION_LAPD,CHP_BEAT_CLASS,BEAT_NUMBER,PRIMARY_RD,SECONDARY_RD,DISTANCE,DIRECTION,INTERSECTION,WEATHER_1,WEATHER_2,STATE_HWY_IND,CALTRANS_COUNTY,CALTRANS_DISTRICT,STATE_ROUTE,ROUTE_SUFFIX,POSTMILE_PREFIX,POSTMILE,LOCATION_TYPE,RAMP_INTERSECTION,SIDE_OF_HWY,TOW_AWAY,COLLISION_SEVERITY,NUMBER_KILLED,NUMBER_INJURED,PARTY_COUNT,PRIMARY_COLL_FACTOR,PCF_CODE_OF_VIOL,PCF_VIOL_CATEGORY,PCF_VIOLATION,PCF_VIOL_SUBSECTION,HIT_AND_RUN,TYPE_OF_COLLISION,MVIW,PED_ACTION,ROAD_SURFACE,ROAD_COND_1,ROAD_COND_2,LIGHTING,CONTROL_DEVICE,CHP_ROAD_TYPE,PEDESTRIAN_ACCIDENT,BICYCLE_ACCIDENT,MOTORCYCLE_ACCIDENT,TRUCK_ACCIDENT,NOT_PRIVATE_PROPERTY,ALCOHOL_INVOLVED,STWD_VEHTYPE_AT_FAULT,CHP_VEHTYPE_AT_FAULT,COUNT_SEVERE_INJ,COUNT_VISIBLE_INJ,COUNT_COMPLAINT_PAIN,COUNT_PED_KILLED,COUNT_PED_INJURED,COUNT_BICYCLIST_KILLED,COUNT_BICYCLIST_INJURED,COUNT_MC_KILLED,COUNT_MC_INJURED,PRIMARY_RAMP,SECONDARY_RAMP,LATITUDE,LONGITUDE,COUNTY,CITY,POINT_X,POINT_Y
8737242,2018,2019-01-31,1942,2018-10-22,1530,36075,0513,1,5,7,1942,0,0,0,E,0,5A11,"PACIFIC COAST HWY","VERMONT AV",0.00,,Y,A,-,Y,LA,7,1,-,-,12.171,I,5,N,Y,3,0,1,2,A,-,09,21801,A,N,D,C,A,A,H,-,A,A,0,,,,,Y,,A,07,0,1,0,0,0,0,0,0,0,"- ","- ",,,"LOS ANGELES","LOS ANGELES",-118.291748046875,33.791065216064453
8738756,2018,2019-01-31,1942,2018-10-22,0920,40141,2145,1,5,7,1942,0,0,0,,0,21A43,"TOPANGA CANYON BL","VANOWEN ST",0.00,,Y,A,-,Y,LA,7,27,-,-,14.050,I,5,S,Y,4,0,1,2,A,-,09,21801,A,N,D,C,A,A,H,-,A,A,0,,,,,Y,,A,01,0,0,1,0,0,0,0,0,0,"- ","- ",,,"LOS ANGELES","LOS ANGELES",-118.60601043701172,34.193752288818359
8738814,2018,2019-01-31,1942,2018-10-24,1120,40937,2155,3,5,7,1942,0,0,0,,0,21A43,"VICTORY BL","TOPANGA CANYON BL",35.00,W,N,A,-,Y,LA,7,27,-,-,13.551,I,6,S,Y,3,0,3,2,A,-,09,21801,A,N,D,C,A,A,H,-,A,A,0,,,,,Y,,A,01,0,1,2,0,0,0,0,0,0,"- ","- ",,,"LOS ANGELES","LOS ANGELES",-118.60598754882812,34.186656951904297
8738866,2018,2019-01-17,1942,2018-10-21,1034,34959,0852,7,5,7,1942,0,0,0,H,0,8A53,"S BARRINGTON AV","SANTA MONICA BL",0.00,,Y,A,-,Y,LA,7,2,-,-,3.081,I,5,E,N,4,0,1,2,A,-,09,21801,A,N,H,G,A,A,H,-,A,D,0,,Y,,,Y,,A,01,0,0,1,0,0,0,1,0,0,"- ","- ",,,"LOS ANGELES","LOS ANGELES",-118.455810546875,34.043869018554688
8739373,2018,2019-01-24,1942,2018-11-15,2015,42173,518,4,5,7,1942,0,0,0,,0,5A15,"RT 1","BROAD AV",0.00,,Y,A,-,Y,LA,7,1,-,-,10.436,I,5,N,Y,4,0,1,2,A,-,09,21801,A,N,D,C,A,A,H,-,C,A,0,,,,,Y,,A,01,0,0,1,0,0,0,0,0,0,"- ","- ",,,"LOS ANGELES","LOS ANGELES",-118.26166534423828,33.791332244873047
8740914,2018,2018-12-28,1942,2018-08-02,1900,39123,0515,4,5,7,1942,0,0,0,E,0,5A15,"NEPTUNE AV","RT 1",1.00,S,N,A,-,Y,LA,7,1,-,-,10.901,I,6,S,Y,4,0,1,2,A,-,03,22350,,F,C,C,A,A,H,-,A,D,0,,,,,Y,,A,01,0,0,1,0,0,0,0,0,0,"- ","- ",,,"LOS ANGELES","LOS ANGELES",-118.26971435546875,33.790771484375
8742890,2018,2019-01-18,1942,2018-10-20,1425,43331,0514,6,5,7,1942,0,0,0,E,0,5A15,"WILMINGTON BL","RT 1",0.00,,Y,A,-,Y,LA,7,1,-,-,11.208,I,5,S,N,4,0,3,2,A,-,09,21801,A,N,D,C,A,A,H,-,A,A,0,,,,,Y,,A,07,0,0,3,0,0,0,0,0,0,"- ","- ",,,"LOS ANGELES","LOS ANGELES",-118.27509307861328,33.790485382080078
8744235,2018,2018-12-28,1942,2018-07-02,1830,41859,0782,1,5,7,1942,0,0,0,G,0,7A33,"CADILLAC AV","VENICE BL",0.00,,Y,A,-,Y,LA,7,187,-,-,8.903,I,5,E,,4,0,1,2,A,-,09,21801,A,F,D,C,A,A,H,-,A,D,0,,,,,Y,,-,99,0,0,1,0,0,0,0,0,0,"- ","- ",,,"LOS ANGELES","LOS ANGELES",-118.37389373779297,34.037311553955078
8744329,2018,2019-01-30,1942,2018-11-10,0730,34959,1454,6,5,7,1942,0,0,0,N,0,14A45,"RT 90","MINDANAO WY",0.00,,Y,A,-,Y,LA,7,90,-,-,1.201,I,5,W,Y,3,0,1,2,A,-,12,21453,A,N,D,C,A,A,H,-,A,A,0,,,,,Y,,-,"- ",0,1,0,0,0,0,0,0,0,"- ","- ",,,"LOS ANGELES","LOS ANGELES",-118.43780517578125,33.983818054199219
8744379,2018,2019-01-17,1942,2018-10-31,1550,39523,0513,3,5,7,1942,0,0,0,E,0,5A58,"VERMONT AV","PACIFIC COAST HWY",0.00,,Y,A,-,Y,LA,7,1,-,-,12.171,I,5,N,N,4,0,1,2,A,-,10,21950,A,F,B,B,B,A,H,-,B,A,0,Y,,,,Y,,-,99,0,0,1,0,1,0,0,0,0,"- ","- ",,,"LOS ANGELES","LOS ANGELES",-118.291748046875,33.791065216064453
8748809,2018,2019-02-26,1942,2018-11-18,1920,38090,1454,7,5,7,1942,0,0,0,N,0,6T7,"LINCOLN BL","RT 90",11.00,E,N,A,-,Y,LA,7,1,-,-,31.278,I,5,N,N,3,0,1,2,A,-,11,21453,D,N,G,B,B,A,H,-,C,A,0,Y,,,,Y,,N,60,0,1,0,0,1,0,0,0,0,"- ","- ",,,"LOS ANGELES","LOS ANGELES",-118.44255828857422,33.984577178955078
8749495,2018,2019-01-08,1942,2018-09-27,0000,41704,0532,4,5,7,1942,0,0,0,E,0,25T29,"WILMINGTON BL","W PACIFIC COAST HWY",0.00,,Y,A,-,Y,LA,7,1,-,-,11.208,I,5,N,Y,3,0,1,2,A,-,09,21801,A,N,D,C,A,A,H,-,C,A,0,,,,,Y,,A,01,0,1,0,0,0,0,0,0,0,"- ","- ",,,"LOS ANGELES","LOS ANGELES",-118.27509307861328,33.790592193603516
8749631,2018,2019-01-30,1942,2018-11-13,1455,38642,0503,2,5,7,1942,0,0,0,E,0,5XL2,"PACIFIC COAST HWY","MCCOY AV",0.00,,Y,A,-,Y,LA,7,1,-,-,12.065,I,5,S,N,4,0,2,2,A,-,09,21801,A,N,D,C,A,A,H,-,A,D,0,,,,,Y,,A,01,0,0,2,0,0,0,0,0,0,"- ","- ",,,"LOS ANGELES","LOS ANGELES",-118.28993988037109,33.790950775146484
8757584,2018,2019-01-18,1942,2018-11-20,1930,41167,0516,2,5,7,1942,0,0,0,E,0,05A59,"PACIFIC COAST HWY","FRIES AV",0.00,,Y,A,-,Y,LA,7,1,-,-,10.672,I,5,S,N,4,0,1,2,A,-,09,21801,A,F,D,C,A,A,H,-,C,D,0,,,,,Y,,-,99,0,0,1,0,0,0,0,0,0,"- ","- ",,,"LOS ANGELES","LOS ANGELES",-118.26575469970703,33.790969848632812
8760083,2018,2019-01-24,1942,2018-11-23,2310,42451,1444,5,5,7,1942,0,0,0,N,0,14A45,"WASHINGTON BL","LINCOLN BL",5.00,W,N,A,-,Y,LA,7,1,-,-,31.780,I,6,S,N,4,0,1,2,A,-,17,21461,A,N,B,C,A,A,H,-,C,D,0,,,Y,,Y,,C,03,0,0,1,0,0,0,0,0,1,"- ","- ",,,"LOS ANGELES","LOS ANGELES",-118.44791412353516,33.990398406982422
8764010,2018,2019-01-31,1942,2018-12-03,0950,35945,1433,1,5,7,1942,0,0,0,N,0,14A25,"VENICE BL","LINCOLN BL",0.00,,Y,A,-,Y,LA,7,1,-,-,32.166,I,5,N,N,3,0,1,2,A,-,10,21950,A,N,G,B,B,A,H,-,A,A,0,Y,,,,Y,,A,07,0,1,0,0,1,0,0,0,0,"- ","- ",,,"LOS ANGELES","LOS ANGELES",-118.45273590087891,33.994110107421875
8764109,2018,2019-01-30,1942,2018-11-05,1600,36552,2136,1,5,7,1942,0,0,0,,0,21A57,"TOPANGA CANYON",VALERIO,0.00,,Y,A,-,Y,LA,7,27,-,-,14.791,I,5,N,Y,3,0,3,2,A,-,12,21453,A,N,D,C,A,A,H,-,A,A,0,,,,,Y,,-,"- ",0,1,2,0,0,0,0,0,0,"- ","- ",,,"LOS ANGELES","LOS ANGELES",-118.60587310791016,34.204624176025391
8766638,2018,2019-04-12,1942,2018-12-05,0600,43545,1454,3,5,7,1942,0,0,0,N,0,14A49W,"MINDANAO WY","RT 90",0.00,,Y,B,-,Y,LA,7,90,-,-,1.201,I,5,W,N,4,0,1,2,A,-,12,21453,A,N,D,C,A,B,H,-,A,A,0,,,,,Y,,-,"- ",0,0,1,0,0,0,0,0,0,"- ","- ",,,"LOS ANGELES","LOS ANGELES",-118.43780517578125,33.983818054199219
8768096,2018,2019-01-09,1942,2018-11-30,1930,43610,0513,5,5,7,1942,0,0,0,E,0,5A24,"NORMANDIE AV","PACIFIC COAST HWY",0.00,,N,A,F,Y,LA,7,1,-,-,12.517,I,6,S,N,4,0,1,4,A,-,03,22350,,F,C,C,A,A,H,-,C,D,0,,,,,Y,Y,-,99,0,0,1,0,0,0,0,0,0,"- ","- ",,,"LOS ANGELES","LOS ANGELES",-118.29751586914062,33.789875030517578
8768160,2018,2019-01-22,1942,2018-12-17,1200,41704,0514,1,5,7,1942,0,0,0,E,0,5A15,"WILMINGTON BL","PACIFIC COAST HWY",4.00,S,N,A,-,Y,LA,7,1,-,-,11.208,I,5,S,N,4,0,1,2,A,-,10,21950,A,N,G,B,B,A,H,-,A,A,0,Y,,,,Y,,A,01,0,0,1,0,1,0,0,0,0,"- ","- ",,,"LOS ANGELES","LOS ANGELES",-118.27509307861328,33.790485382080078
8778219,2019,2019-03-08,1942,2019-01-02,2130,41844,0517,3,5,7,1942,0,0,0,E,0,5A17,"BROAD AV","PACIFIC COAST HWY",66.00,S,N,A,-,Y,LA,7,1,-,-,10.436,I,6,S,Y,4,0,1,1,A,-,01,23152,A,N,E,I,A,A,H,-,C,D,0,,,,,Y,Y,A,01,0,0,1,0,0,0,0,0,0,"- ","- ",,,"LOS ANGELES","LOS ANGELES",-118.26167297363281,33.791225433349609
8779530,2018,2019-02-01,1942,2018-11-22,1840,42607,1183,4,5,7,1942,0,0,0,K,0,11A37,"BERKELEY AV","GLENDALE BL",25.00,W,N,A,-,Y,LA,7,2,-,-,13.613,I,6,W,N,3,0,2,2,A,-,09,21804,A,N,B,C,A,A,H,-,A,D,0,,,,,Y,,-,"- ",0,1,1,0,0,0,0,0,0,"- ","- ",,,"LOS ANGELES","LOS ANGELES",-118.26021575927734,34.082962036132812
8779685,2018,2019-02-01,1942,2018-12-31,2355,42011,0514,1,5,7,1942,0,0,0,E,0,5A15,"FIGUEROA ST","W PACIFIC COAST HWY",0.00,,Y,A,-,Y,LA,7,1,-,-,11.559,I,5,N,Y,4,0,1,2,A,-,12,21453,A,F,D,C,A,A,H,-,C,A,0,,,,,Y,,A,01,0,0,1,0,0,0,0,0,0,"- ","- ",,,"LOS ANGELES","LOS ANGELES",-118.28126525878906,33.790542602539062
8790544,2018,2019-02-20,1942,2018-10-18,1930,39299,0514,4,5,7,1942,0,0,0,E,0,5A15,"FIGUEROA ST","PACIFIC COAST HWY",75.00,S,N,A,-,Y,LA,7,1,-,-,11.559,I,6,S,N,4,0,1,2,A,-,10,21952,,F,G,B,F,A,H,-,C,D,0,Y,,,,Y,,-,99,0,0,1,0,1,0,0,0,0,"- ","- ",,,"LOS ANGELES","LOS ANGELES",-118.28128051757812,33.790420532226562
8791880,2019,2019-03-12,1942,2019-01-19,1845,38720,0514,6,5,7,1942,0,0,0,E,0,5A58,"FRIGATE AV","PACIFIC COAST HWY",0.00,,Y,A,-,Y,LA,7,1,-,-,11.360,I,6,S,N,4,0,1,2,A,-,09,21801,A,N,D,G,A,A,H,-,C,D,0,,Y,,,Y,,A,01,0,0,1,0,0,0,1,0,0,"- ","- ",,,"LOS ANGELES","LOS ANGELES",-118.27777099609375,33.79034423828125
8791884,2019,2019-03-12,1942,2019-01-19,1410,40748,515,6,5,7,1942,0,0,0,,0,5A15,"RONAN AV","PACIFIC COAST HWY",15.00,E,N,A,-,Y,LA,7,1,-,-,11.085,I,6,N,N,4,0,1,2,A,-,08,22100,A,N,H,C,A,A,H,-,A,A,0,,,,,Y,,A,01,0,0,1,0,0,0,0,0,0,"- ","- ",,,"LOS ANGELES","LOS ANGELES",-118.27293395996094,33.79071044921875
8794169,2018,2019-02-15,1942,2018-12-26,0640,36659,0516,3,5,7,1942,0,0,0,E,0,5A15,"PACIFIC COAST HWY","FRIES AV",0.00,,Y,A,-,Y,LA,7,1,-,-,10.672,I,5,N,N,4,0,1,2,A,-,09,21802,A,N,G,G,A,A,H,-,A,A,0,,Y,,,Y,,D,22,0,0,1,0,0,0,1,0,0,"- ","- ",,,"LOS ANGELES","LOS ANGELES",-118.26576232910156,33.791080474853516
8795914,2019,2019-05-22,1942,2019-02-12,1815,41646,514,2,5,7,1942,0,0,0,,0,,"FRIGATE AV","PACIFIC COAST HWY",0.00,,Y,A,-,Y,LA,7,1,-,-,11.360,I,5,S,N,4,0,1,2,A,-,08,22100,B,N,D,C,A,A,H,-,C,D,0,,,,,Y,,A,01,0,0,1,0,0,0,0,0,0,"- ","- ",,,"LOS ANGELES","LOS ANGELES",-118.27777099609375,33.79034423828125
8799199,2018,2019-04-12,1942,2018-10-21,0350,42252,667,7,5,7,1942,0,0,0,,0,6A67W3,"N GOWER ST",LEXINGTON,387.00,S,N,A,-,Y,LA,7,2,-,-,11.831,I,6,W,,3,0,1,5,A,-,01,23152,A,M,H,E,A,A,G,-,C,D,0,,,,,Y,Y,A,01,0,1,0,0,0,0,0,0,0,"- ","- ",,,"LOS ANGELES","LOS ANGELES",-118.3223876953125,34.090755462646484
8800634,2019,2019-08-22,1942,2019-01-28,0730,39123,0503,1,5,7,1942,0,0,0,E,0,5A1,"PACIFIC COAST HWY","MCCOY AV",0.00,,Y,B,-,Y,LA,7,1,-,-,12.065,I,5,N,N,4,0,1,2,A,-,09,21801,A,N,D,C,A,A,H,-,B,D,0,,,,,Y,,A,01,0,0,1,0,0,0,0,0,0,"- ","- ",,,"LOS ANGELES","LOS ANGELES",-118.28993225097656,33.791061401367188
8800690,2019,2019-05-22,1942,2019-02-06,1530,41933,0511,3,5,7,1942,0,0,0,E,0,25T22,"PRESIDENT AV","PACIFIC COAST HWY",180.00,N,N,A,-,Y,LA,7,1,-,-,12.912,I,6,N,N,4,0,1,2,A,-,03,22350,,F,C,C,A,A,H,-,A,D,0,,,,,Y,,-,99,0,0,1,0,0,0,0,0,0,"- ","- ",,,"LOS ANGELES","LOS ANGELES",-118.30428314208984,33.789527893066406
8819265,2019,2019-03-21,1942,2019-02-21,2225,42818,2156,4,5,7,1942,0,0,0,,0,21A57,"TOPANGA CANYON BL","VICTORY BL",0.00,,Y,A,-,Y,LA,7,27,-,-,13.551,I,5,N,Y,3,0,1,2,C,-,18,,,N,B,C,A,A,H,-,C,A,0,,,,,Y,,-,"- ",0,1,0,0,0,0,0,0,0,"- ","- ",,,"LOS ANGELES","LOS ANGELES",-118.60581970214844,34.186656951904297
8819324,2019,2019-05-22,1942,2019-02-21,1830,42822,0515,4,5,7,1942,0,0,0,E,0,5A18,"AVALON BL","PACIFIC COAST HWY",50.00,N,N,A,-,Y,LA,7,1,-,-,10.532,I,6,N,N,4,0,1,2,A,-,04,21703,,N,C,C,A,A,H,-,C,A,0,,,,,Y,,A,01,0,0,1,0,0,0,0,0,0,"- ","- ",,,"LOS ANGELES","LOS ANGELES",-118.26335144042969,33.791210174560547
8819526,2019,2019-05-22,1942,2019-02-26,1805,41766,0516,2,5,7,1942,0,0,0,E,0,18A36W,"MARINE AV",PCH,10.00,N,N,B,-,Y,LA,7,1,-,-,10.607,I,5,N,N,3,0,1,2,A,-,14,21201,D,N,D,G,A,A,H,-,D,-,0,,Y,,,Y,,L,04,0,1,0,0,0,0,1,0,0,"- ","- ",,,"LOS ANGELES","LOS ANGELES",-118.26463317871094,33.791141510009766
8826063,2019,2019-08-22,1942,2019-03-10,1830,41210,1453,7,5,7,1942,0,0,0,N,0,14T47,"LINCOLN BL","MARINA EXPWY",0.00,,Y,A,-,Y,LA,7,1,-,-,31.278,I,5,N,Y,3,0,3,3,A,-,09,21801,A,F,A,C,A,A,H,-,A,A,0,,,,,Y,,A,01,0,1,2,0,0,0,0,0,0,"- ","- ",,,"LOS ANGELES","LOS ANGELES",-118.44255828857422,33.984577178955078
8826347,2019,2019-08-22,1942,2019-03-13,0905,40404,0516,3,5,7,1942,0,0,0,E,0,5A15,"N AVALON BL","PACIFIC COAST HWY",20.00,N,N,A,-,Y,LA,7,1,-,-,10.532,I,6,N,Y,4,0,1,2,A,-,03,22350,,F,C,C,A,A,H,-,A,A,0,,,,,Y,,A,01,0,0,1,0,0,0,0,0,0,"- ","- ",,,"LOS ANGELES","LOS ANGELES",-118.26335144042969,33.791210174560547
8838095,2019,2019-08-21,1942,2019-03-16,1850,38191,2145,6,5,7,1942,0,0,0,,0,21A43,"TOPANGA CANYON BL","VANOWEN ST",0.00,,Y,A,-,Y,LA,7,27,-,-,14.050,I,5,S,Y,2,0,2,2,A,-,11,21453,D,N,G,B,B,A,H,-,B,A,0,Y,,,,Y,,N,60,1,0,1,0,1,0,0,0,0,"- ","- ",,,"LOS ANGELES","LOS ANGELES",-118.60601043701172,34.193752288818359
8842789,2019,2019-08-26,1942,2019-04-02,1655,31071,663,2,5,7,1942,0,0,0,,0,6A63,"SANTA MONICA BL","ORANGE DR",16.00,W,N,A,-,Y,LA,7,2,-,-,10.721,I,5,W,N,3,0,1,2,A,-,10,21950,A,N,G,B,B,A,H,-,A,A,0,Y,,,,Y,,A,01,0,1,0,0,1,0,0,0,0,"- ","- ",,,"LOS ANGELES","LOS ANGELES",-118.34159088134766,34.090709686279297
8850404,2019,2019-08-26,1942,2019-03-29,1105,35023,0519,5,5,7,1942,0,0,0,E,0,5A26,"PACIFIC COAST HWY","SANFORD AV",6.00,W,N,A,-,Y,LA,7,1,-,-,9.851,I,5,S,N,4,0,2,2,A,-,09,21801,A,N,D,C,A,A,H,-,A,A,0,,,,,Y,,A,01,0,0,2,0,0,0,0,0,0,"- ","- ",,,"LOS ANGELES","LOS ANGELES",-118.25099945068359,33.790851593017578
8858584,2019,2019-08-29,1942,2019-04-16,1825,37635,0531,2,5,7,1942,0,0,0,E,0,,"PACIFIC COAST HWY","SENATOR AV",0.00,,Y,A,-,Y,LA,7,1,-,-,12.912,I,5,N,Y,4,0,2,2,A,-,09,21801,A,N,D,C,A,A,H,-,B,D,0,,,,,Y,,A,01,0,0,2,0,0,0,0,0,0,"- ","- ",,,"LOS ANGELES","LOS ANGELES",-118.30428314208984,33.789527893066406
8858671,2019,2019-08-23,1942,2019-04-13,1440,40700,05,6,5,7,1942,0,0,0,E,0,25MQ53,"PACIFIC COAST HWY","MCCOY AV",0.00,,Y,A,-,Y,LA,7,1,-,-,12.065,I,5,N,Y,3,0,3,2,A,-,09,21802,A,N,A,C,A,A,H,-,A,A,0,,,,,Y,,A,07,0,1,2,0,0,0,0,0,0,"- ","- ",,,"LOS ANGELES","LOS ANGELES",-118.28993225097656,33.791061401367188
8868640,2019,2019-11-07,1942,2019-04-10,1330,36678,2187,3,5,7,1942,0,0,0,,0,21A97,"CLARENDON ST","TOPANGA CANYON BL",0.00,,Y,A,-,Y,LA,7,27,-,-,12.361,I,5,N,Y,3,0,1,2,A,-,09,21801,A,N,D,-,A,A,H,-,A,A,0,,,,,Y,,A,01,0,1,0,0,0,0,0,0,0,"- ","- ",,,"LOS ANGELES","LOS ANGELES",-118.60577392578125,34.169700622558594
8869802,2019,2019-08-22,1942,2019-03-25,2110,42818,2185,1,5,7,1942,0,0,0,,0,21A73,"TOPANGA CANYON BL","VENTURA BL",0.00,,Y,A,-,Y,LA,7,27,-,-,12.276,I,5,S,Y,4,0,2,2,A,-,08,22100,B,N,A,C,A,A,H,-,C,A,0,,,,,Y,,A,01,0,0,2,0,0,0,0,0,0,"- ","- ",,,"LOS ANGELES","LOS ANGELES",-118.60594177246094,34.16845703125
8870052,2019,2019-08-28,1942,2019-04-02,1540,30830,2177,2,5,7,1942,0,0,0,,0,21A97,"TOPANGA CANYON BL","TOPANGA CANYON PL",0.00,,Y,A,-,Y,LA,7,27,-,-,12.811,I,5,S,N,4,0,1,2,A,-,09,21801,A,N,D,C,A,A,H,-,A,D,0,,,,,Y,,A,01,0,0,1,0,0,0,0,0,0,"- ","- ",,,"LOS ANGELES","LOS ANGELES",-118.60552215576172,34.176326751708984
8874856,2019,2019-08-28,1942,2019-05-03,1625,35428,2146,5,5,7,1942,0,0,0,,0,,"TOPANGA CANYON BL","GAULT ST",0.00,,Y,A,-,Y,LA,7,27,-,-,14.411,I,5,N,Y,3,0,3,2,A,-,05,21650,,N,D,C,A,A,H,-,A,D,0,,,,,Y,,A,01,0,1,2,0,0,0,0,0,0,"- ","- ",,,"LOS ANGELES","LOS ANGELES",-118.60585784912109,34.199047088623047
8874911,2019,2020-02-04,1942,2019-05-29,1040,37146,0503,3,5,7,1942,0,0,0,E,0,5A11,"PACIFIC COAST HWY","NORMANDIE AV",0.00,,Y,A,-,Y,LA,7,1,-,-,12.517,I,5,S,Y,4,0,2,3,A,-,12,21453,A,N,D,C,A,A,H,-,A,A,0,,,,,Y,,A,07,0,0,2,0,0,0,0,0,0,"- ","- ",,,"LOS ANGELES","LOS ANGELES",-118.29751586914062,33.789875030517578
8875149,2019,2019-08-21,1942,2019-02-23,1740,43323,0853,6,5,7,1942,0,0,0,H,0,8A34,"SAWTELLE BL","SANTA MONICA BL",0.00,,Y,A,-,Y,LA,7,2,-,-,3.561,I,5,W,Y,2,0,1,2,A,-,09,21801,A,N,D,C,A,A,H,-,B,A,0,,,Y,,Y,,A,07,1,0,0,0,0,0,0,0,1,"- ","- ",,,"LOS ANGELES","LOS ANGELES",-118.44806671142578,34.046588897705078
8875248,2019,2019-11-07,1942,2019-05-17,1400,40953,0663,5,5,7,1942,0,0,0,F,0,6A36W4,"MCCADDEN PL","SANTA MONICA BL",92.00,N,N,A,-,Y,LA,7,2,-,-,10.961,I,6,W,N,4,0,1,2,A,-,03,22350,,F,B,E,A,A,H,-,A,D,0,,,,,Y,,-,99,0,0,1,0,0,0,0,0,0,"- ","- ",,,"LOS ANGELES","LOS ANGELES",-118.33744049072266,34.090717315673828
8875390,2019,2019-11-13,1942,2019-05-29,1616,39889,0532,3,5,7,1942,0,0,0,E,0,25MQ56,"WILMINGTON BL","W PACIFIC COAST HWY",125.00,N,N,A,-,Y,LA,7,1,-,-,11.208,I,6,N,Y,3,0,2,1,A,-,21,22106,,N,E,I,A,A,H,-,A,D,0,,,,,Y,,D,72,0,2,0,0,0,0,0,0,0,"- ","- ",,,"LOS ANGELES","LOS ANGELES",-118.27509307861328,33.790592193603516
8875741,2019,2019-11-13,1942,2019-05-21,1433,38963,1444,2,5,7,1942,0,0,0,N,0,14A49,"LINCOLN BL","GRANT AV",0.00,,Y,A,-,Y,LA,7,1,-,-,31.871,I,5,S,N,3,0,3,2,A,-,09,21801,A,N,D,C,A,A,H,-,A,D,0,,,Y,,Y,,A,01,0,1,2,0,0,0,0,0,2,"- ","- ",,,"LOS ANGELES","LOS ANGELES",-118.44879913330078,33.991535186767578
8875753,2019,2019-11-13,1942,2019-05-14,1920,42969,514,2,5,7,1942,0,0,0,,0,5A15,"PACIFIC COAST HWY","WILMINGTON BL",0.00,,Y,A,-,Y,LA,7,1,-,-,11.208,I,5,N,Y,4,0,1,2,A,-,03,22350,,F,C,C,A,-,H,-,A,A,0,,,,,Y,,-,99,0,0,1,0,0,0,0,0,0,"- ","- ",,,"LOS ANGELES","LOS ANGELES",-118.27509307861328,33.790592193603516
8879935,2019,2019-08-27,1942,2019-06-09,0845,41977,0872,7,5,7,1942,0,0,0,H,0,8A1,"PACIFIC COAST HWY","ENTRADA DR",13.00,S,N,A,-,Y,LA,7,1,-,-,37.001,I,6,N,Y,3,0,2,3,A,-,08,22107,,N,B,C,A,-,H,-,A,A,0,,,,,Y,,A,01,0,2,0,0,0,0,0,0,0,"- ","- ",,,"LOS ANGELES","LOS ANGELES",-118.51878356933594,34.027847290039062