CASE_ID,ACCIDENT_YEAR,PROC_DATE,JURIS,COLLISION_DATE,COLLISION_TIME,OFFICER_ID,REPORTING_DISTRICT,DAY_OF_WEEK,CHP_SHIFT,POPULATION,CNTY_CITY_LOC,SPECIAL_COND,BEAT_TYPE,CHP_BEAT_TYPE,CITY_DIVISION_LAPD,CHP_BEAT_CLASS,BEAT_NUMBER,PRIMARY_RD,SECONDARY_RD,DISTANCE,DIRECTION,INTERSECTION,WEATHER_1,WEATHER_2,STATE_HWY_IND,CALTRANS_COUNTY,CALTRANS_DISTRICT,STATE_ROUTE,ROUTE_SUFFIX,POSTMILE_PREFIX,POSTMILE,LOCATION_TYPE,RAMP_INTERSECTION,SIDE_OF_HWY,TOW_AWAY,COLLISION_SEVERITY,NUMBER_KILLED,NUMBER_INJURED,PARTY_COUNT,PRIMARY_COLL_FACTOR,PCF_CODE_OF_VIOL,PCF_VIOL_CATEGORY,PCF_VIOLATION,PCF_VIOL_SUBSECTION,HIT_AND_RUN,TYPE_OF_COLLISION,MVIW,PED_ACTION,ROAD_SURFACE,ROAD_COND_1,ROAD_COND_2,LIGHTING,CONTROL_DEVICE,CHP_ROAD_TYPE,PEDESTRIAN_ACCIDENT,BICYCLE_ACCIDENT,MOTORCYCLE_ACCIDENT,TRUCK_ACCIDENT,NOT_PRIVATE_PROPERTY,ALCOHOL_INVOLVED,STWD_VEHTYPE_AT_FAULT,CHP_VEHTYPE_AT_FAULT,COUNT_SEVERE_INJ,COUNT_VISIBLE_INJ,COUNT_COMPLAINT_PAIN,COUNT_PED_KILLED,COUNT_PED_INJURED,COUNT_BICYCLIST_KILLED,COUNT_BICYCLIST_INJURED,COUNT_MC_KILLED,COUNT_MC_INJURED,PRIMARY_RAMP,SECONDARY_RAMP,LATITUDE,LONGITUDE,COUNTY,CITY,POINT_X,POINT_Y
9445458,2022,2022-06-21,1942,2022-02-26,2329,21195,1496,6,5,7,1942,0,0,0,N,0,3A104,"SEPULVEDA BL","CENTURY BL",0.00,,Y,A,-,Y,LA,7,1,-,-,26.962,I,5,N,Y,3,0,2,2,A,-,01,23152,A,N,D,C,A,A,H,-,C,A,0,,,,,Y,Y,A,08,0,1,1,0,0,0,0,0,0,"- ","- ",,,"LOS ANGELES","LOS ANGELES",-118.39611053466797,33.945541381835938
9456161,2022,2022-07-06,1942,2022-06-06,0335,42251,2185,1,5,7,1942,0,0,0,,0,26TL22,"TOPANGA CANYON BL","ALIZONDO DR",0.00,,Y,B,-,Y,LA,7,27,-,-,11.221,I,5,S,Y,4,0,1,2,A,-,01,23152,A,F,C,C,A,A,H,-,C,D,0,,,,,Y,Y,A,07,0,0,1,0,0,0,0,0,0,"- ","- ",,,"LOS ANGELES","LOS ANGELES",-118.60569000244141,34.153324127197266
9456340,2022,2022-06-17,1942,2022-05-31,1810,40388,2130,2,5,7,1942,0,0,0,,0,26TL77,"PARTHENIA ST","TOPANGA CANYON BL",250.00,W,N,A,-,Y,LA,7,27,-,-,16.471,I,6,S,N,2,0,1,2,A,-,06,21760,,N,B,G,A,A,H,-,A,A,0,,Y,,,Y,,A,01,1,0,0,0,0,0,1,0,0,"- ","- ",,,"LOS ANGELES","LOS ANGELES",-118.60394287109375,34.228424072265625
9456650,2022,2022-07-19,1942,2022-04-10,2340,43984,1454,7,5,7,1942,0,0,0,N,0,14A13,"MARINA EXPWY","MINDANAO WY",0.00,,Y,A,-,Y,LA,7,90,-,-,1.202,I,5,W,Y,4,0,2,2,A,-,12,21453,A,F,D,C,A,A,H,-,C,A,0,,,,,Y,,-,99,0,0,2,0,0,0,0,0,0,"- ","- ",,,"LOS ANGELES","LOS ANGELES",-118.43779754638672,33.983814239501953
9463622,2022,2022-09-23,1942,2022-08-09,1915,42664,1432,2,5,7,1942,0,0,0,N,0,27T33,"MARCO PL","LINCOLN BL",0.00,,Y,A,-,Y,LA,7,1,-,-,32.441,I,5,S,N,2,0,1,2,A,-,09,21802,A,N,D,C,A,A,H,-,A,A,0,,,Y,,Y,,A,01,1,0,0,0,0,0,0,0,1,"- ","- ",,,"LOS ANGELES","LOS ANGELES",-118.45687866210938,33.995986938476562
9471729,2023,2023-11-07,1942,2023-05-19,1400,43913,0503,5,5,7,1942,0,0,0,E,0,24T21,PCH,"DODGE AV",0.00,,Y,B,-,Y,LA,7,1,-,-,12.010,I,5,N,N,3,0,1,2,A,-,09,21801,A,N,D,C,A,A,H,-,A,D,0,,,,,Y,,A,01,0,1,0,0,0,0,0,0,0,"- ","- ",,,"LOS ANGELES","LOS ANGELES",-118.28895568847656,33.791057586669922
9479906,2022,2022-11-30,1942,2022-10-24,1900,32973,1173,1,5,7,1942,0,0,0,K,0,24TL21,"GLENDALE BL","ALLESANDRO ST",500.00,N,N,A,-,Y,LA,7,2,-,-,14.191,I,5,E,N,4,0,1,2,A,-,10,21950,,F,G,B,B,A,H,-,B,A,0,Y,,,,Y,,-,"- ",0,0,1,0,1,0,0,0,0,"- ","- ",,,"LOS ANGELES","LOS ANGELES",-118.2584228515625,34.091167449951172
9493270,2022,2022-09-27,1942,2022-05-08,0005,41210,1414,7,5,7,1942,0,0,0,N,0,27T31,"LINCOLN BL","BROADWAY ST",0.00,,Y,A,-,Y,LA,7,1,-,-,32.751,I,6,S,N,2,0,1,2,A,-,00,21280,A,F,D,C,A,A,H,-,C,A,0,,,,,Y,,M,94,1,0,0,0,0,0,0,0,0,"- ","- ",,,"LOS ANGELES","LOS ANGELES",-118.46160125732422,33.998256683349609
9494154,2022,2022-10-14,1942,2022-09-15,0715,33599,0515,4,5,7,1942,0,0,0,E,0,25TL27,"PACIFIC COAST HWY",FRIES,0.00,,Y,A,-,Y,LA,7,1,-,-,10.672,I,5,S,Y,3,0,2,3,A,-,09,21801,A,N,A,C,A,A,H,-,A,A,0,,,,,Y,,A,01,0,2,0,0,0,0,0,0,0,"- ","- ",,,"LOS ANGELES","LOS ANGELES",-118.26571655273438,33.790973663330078
9512971,2022,2022-11-29,1942,2022-08-27,2050,41198,2114,6,5,7,1942,0,0,0,,0,26T54,"SATICOY ST","TOPANGA CANYON BL",0.00,,Y,A,-,Y,LA,7,27,-,-,15.041,I,5,N,Y,2,0,1,2,A,-,09,21801,A,N,A,C,A,A,H,-,C,A,0,,,Y,,Y,Y,A,01,1,0,0,0,0,0,0,0,1,"- ","- ",,,"LOS ANGELES","LOS ANGELES",-118.60589599609375,34.20831298828125
9520577,2023,2023-06-08,1942,2023-04-19,2130,4347,0503,3,5,7,1942,0,0,0,E,0,25T31,"PACIFIC COAST HWY","SOLIMAR WY",0.00,,Y,A,-,Y,LA,7,1,-,-,11.806,I,5,N,Y,1,1,1,2,A,-,03,22350,,N,D,C,A,A,H,-,E,A,0,,,Y,,Y,,C,02,1,0,0,0,0,0,0,1,0,"- ","- ",,,"LOS ANGELES","LOS ANGELES",-118.285400390625,33.791000366210938
9520829,2023,2023-09-14,1942,2023-04-19,1528,42618,0811,3,5,7,1942,0,0,0,H,0,27T44,RT-1,"SUNSET BL",37.00,N,N,A,-,Y,LA,7,1,-,-,39.326,I,5,S,N,1,1,0,2,A,-,11,21453,D,N,G,B,B,A,H,-,A,A,0,Y,,,,Y,,D,22,0,0,0,1,0,0,0,0,0,"- ","- ",,,"LOS ANGELES","LOS ANGELES",-118.5556640625,34.0384521484375
9525304,2022,2023-04-24,1942,2022-10-06,0905,40957,0517,4,5,7,1942,0,0,0,E,0,25T23,"PACIFIC COAST HWY","EUBANK AV",0.00,,Y,B,-,Y,LA,7,1,-,-,10.123,I,5,S,Y,3,0,1,2,A,-,09,21801,A,N,D,C,A,A,H,-,A,A,0,,,,,Y,,D,22,0,1,0,0,0,0,0,0,0,"- ","- ",,,"LOS ANGELES","LOS ANGELES",-118.25620269775391,33.791542053222656
9530147,2022,2022-12-20,1942,2022-11-02,1415,41316,2185,3,5,7,1942,0,0,0,,0,26TL75,"TOPANGA CANYON BL","YBARRA RD",0.00,,Y,A,-,Y,LA,7,27,-,-,11.291,I,5,S,N,2,0,2,2,A,-,09,21801,A,N,D,C,A,A,H,-,A,D,0,,,,,Y,,A,07,1,0,1,0,0,0,0,0,0,"- ","- ",,,"LOS ANGELES","LOS ANGELES",-118.60581970214844,34.154453277587891
9544105,2022,2023-01-30,1942,2022-10-28,1210,42656,0666,5,5,7,1942,0,0,0,F,0,27TL25,"SANTA MONICA BL","GOWER ST",0.00,,Y,A,-,Y,LA,7,2,-,-,11.831,I,5,W,N,4,0,1,2,A,-,09,21801,A,F,D,G,A,A,H,-,A,A,0,,Y,,,Y,,-,99,0,0,1,0,0,0,1,0,0,"- ","- ",,,"LOS ANGELES","LOS ANGELES",-118.32240295410156,34.090751647949219
9544266,2022,2023-02-08,1942,2022-10-11,1425,40700,0507,2,5,7,1942,0,0,0,E,0,25MQ53,"SEPULVEDA BL","WESTERN AV",0.00,,Y,A,-,Y,LA,7,213,-,-,6.996,I,5,N,Y,3,0,2,2,D,-,00,,,N,D,C,A,A,H,-,A,A,0,,,,,Y,,-,"- ",0,2,0,0,0,0,0,0,0,"- ","- ",,,"LOS ANGELES","LOS ANGELES",-118.30881500244141,33.817054748535156
9544302,2022,2023-02-08,1942,2022-12-10,1755,37618,0531,6,5,7,1942,0,0,0,E,0,25MX87,"PACIFIC COAST HWY","PRESIDENT AV",0.00,,Y,B,-,Y,LA,7,1,-,-,12.912,I,5,S,N,3,0,1,2,A,-,10,21950,A,F,G,B,B,A,H,-,C,A,0,Y,,,,Y,,-,99,0,1,0,0,1,0,0,0,0,"- ","- ",,,"LOS ANGELES","LOS ANGELES",-118.30429077148438,33.789417266845703
9550970,2023,2023-03-03,1942,2023-01-07,0535,42011,0503,6,5,7,1942,0,0,0,E,0,25MQ18,"DODGE AV","PACIFIC COAST HWY",200.00,,N,A,-,Y,LA,7,1,-,-,12.010,I,6,N,N,2,0,1,2,A,-,11,21956,A,F,A,B,D,A,H,-,D,D,0,Y,,,,Y,Y,N,60,1,0,0,0,1,0,0,0,0,"- ","- ",,,"LOS ANGELES","LOS ANGELES",-118.28895568847656,33.791057586669922
9552285,2022,2023-03-23,1942,2022-10-02,0030,38090,0854,7,5,7,1942,0,0,0,H,0,27T31,"SANTA MONICA BL","COTNER AV",0.00,,Y,A,-,Y,LA,7,2,-,-,3.682,I,5,E,Y,3,0,5,2,A,-,09,21806,A,N,D,C,A,A,H,-,C,A,0,,,,,Y,,A,07,0,1,4,0,0,0,0,0,0,"- ","- ",,,"LOS ANGELES","LOS ANGELES",-118.44613647460938,34.047084808349609
9553803,2023,2023-04-11,1942,2023-01-14,1200,39341,1454,6,5,7,1942,0,0,0,N,0,27TL42,"MINDANAO WY","RT 90",0.00,,Y,C,-,Y,LA,7,90,-,-,1.201,I,5,W,Y,2,0,2,2,A,-,12,21453,A,N,D,C,A,B,H,-,A,A,0,,,,,Y,,-,"- ",2,0,0,0,0,0,0,0,0,"- ","- ",,,"LOS ANGELES","LOS ANGELES",-118.43782043457031,33.983818054199219
9554503,2022,2023-03-17,1942,2022-12-17,2035,44531,4205,6,5,7,1942,0,0,0,,0,5A11,"PACIFIC COAST HWY","BIXBY AV",0.00,,Y,A,-,Y,LA,7,1,-,-,12.120,I,5,N,Y,3,0,4,3,A,-,09,21801,A,N,A,C,A,A,H,-,C,D,0,,,,,Y,,A,01,0,3,1,0,0,0,0,0,0,"- ","- ",,,"LOS ANGELES","LOS ANGELES",-118.29084777832031,33.791061401367188
9554515,2022,2023-03-17,1942,2022-12-27,2250,44299,1415,2,5,7,1942,0,0,0,N,0,27T31,"LINCOLN BL","MILWOOD AV",0.00,,Y,C,-,Y,LA,7,1,-,-,32.651,I,5,S,Y,2,0,1,2,A,-,11,21954,A,N,G,B,D,B,H,-,C,A,0,Y,,,,Y,,A,01,1,0,0,0,1,0,0,0,0,"- ","- ",,,"LOS ANGELES","LOS ANGELES",-118.46001434326172,33.997493743896484
9554982,2023,2023-03-24,1942,2023-02-07,1245,41671,0656,2,5,7,1942,0,0,0,F,0,27TL42,"WILCOX AV","SANTA MONICA BL",0.00,,Y,A,-,Y,LA,7,2,-,-,11.331,I,5,W,N,2,0,1,2,A,-,10,21950,A,N,G,B,B,A,H,-,A,A,0,Y,,,,Y,,A,01,1,0,0,0,1,0,0,0,0,"- ","- ",,,"LOS ANGELES","LOS ANGELES",-118.33097076416016,34.090736389160156
9556842,2023,2023-04-11,1942,2023-03-14,0425,41116,1494,2,5,7,1942,0,0,0,N,0,27T31,"SEPULVEDA BL","CENTURY BL",0.00,,Y,B,-,Y,LA,7,1,-,-,26.962,I,5,N,Y,2,0,1,2,A,-,12,21453,A,N,G,B,B,A,H,-,C,A,0,Y,,,,Y,,A,01,1,0,0,0,1,0,0,0,0,"- ","- ",,,"LOS ANGELES","LOS ANGELES",-118.39611053466797,33.945541381835938
9556847,2022,2023-04-11,1942,2022-07-26,1450,41671,1414,2,5,7,1942,0,0,0,N,0,27TL46,"CALIFORNIA AV","LINCOLN BL",156.00,W,N,A,-,Y,LA,7,1,-,-,32.711,I,6,S,Y,2,0,1,1,A,-,08,22107,,N,E,I,A,A,H,-,A,D,0,,,,,Y,,A,01,1,0,0,0,0,0,0,0,0,"- ","- ",,,"LOS ANGELES","LOS ANGELES",-118.46096801757812,33.997951507568359
9557437,2022,2023-04-26,1942,2022-10-19,0715,33998,1454,3,5,7,1942,0,0,0,N,0,27M24,"RT 90","MINDANAO WY",0.00,,Y,A,-,Y,LA,7,90,-,-,1.201,I,5,W,Y,4,0,2,2,A,-,12,21453,A,F,E,I,A,A,H,-,A,A,0,,,,,Y,,-,99,0,0,2,0,0,0,0,0,0,"- ","- ",,,"LOS ANGELES","LOS ANGELES",-118.43782043457031,33.983818054199219
9565963,2022,2023-04-27,1942,2022-11-20,2040,43371,9999,7,5,7,1942,0,0,0,,0,27T31-,"SANTA MONICA BL","OXFORD AV",0.00,,Y,A,-,Y,LA,7,2,-,-,12.701,I,5,E,N,4,0,1,2,A,-,10,21950,A,F,G,B,B,A,H,-,E,A,0,Y,,,,Y,Y,-,99,0,0,1,0,1,0,0,0,0,"- ","- ",,,"LOS ANGELES","LOS ANGELES",-118.30722808837891,34.090785980224609
9568611,2023,2023-05-23,1942,2023-04-02,0518,40440,0514,7,5,7,1942,0,0,0,E,0,25T21,"PACIFIC COAST HWY","WILMINGTON BL",0.00,,Y,A,-,Y,LA,7,1,-,-,11.208,I,5,N,N,1,1,0,2,A,-,11,21453,D,N,G,B,B,A,H,-,C,A,0,Y,,,,Y,,N,60,0,0,0,1,0,0,0,0,0,"- ","- ",,,"LOS ANGELES","LOS ANGELES",-118.2750244140625,33.790599822998047
9569163,2023,2023-07-20,1942,2023-05-13,2045,44942,0511,6,5,7,1942,0,0,0,E,0,5A11,"NORMANDIE AV","PACIFIC COAST HWY",0.00,,Y,A,-,Y,LA,7,1,-,-,12.517,I,5,S,Y,4,0,1,2,A,-,12,21453,A,F,D,C,A,A,H,-,C,A,0,,,,,Y,,-,99,0,0,1,0,0,0,0,0,0,"- ","- ",,,"LOS ANGELES","LOS ANGELES",-118.29750823974609,33.789878845214844
9569449,2023,2023-07-20,1942,2023-05-26,1045,41704,0519,5,5,7,1942,0,0,0,E,0,25MQ57,"PACIFIC COAST HWY","COIL AV",0.00,,Y,B,-,Y,LA,7,1,-,-,9.451,I,5,S,Y,3,0,1,2,A,-,09,21801,A,N,B,C,A,A,H,-,A,D,0,,,,,Y,,A,07,0,1,0,0,0,0,0,0,0,"- ","- ",,,"LOS ANGELES","LOS ANGELES",-118.24411773681641,33.791049957275391
9570407,2023,2023-05-08,1942,2023-03-03,2330,43477,0503,5,5,7,1942,0,0,0,E,0,25T31,"VERMONT AV","PACIFIC COAST HWY",0.00,,Y,A,-,Y,LA,7,1,-,-,12.171,I,5,N,Y,3,0,1,2,A,-,09,21453,C,F,D,C,A,A,H,-,C,A,0,,,,,Y,,A,01,0,1,0,0,0,0,0,0,0,"- ","- ",,,"LOS ANGELES","LOS ANGELES",-118.29167938232422,33.791061401367188
9583757,2023,2023-08-02,1942,2023-06-06,2000,41072,0513,2,5,7,1942,0,0,0,E,0,25T35,"PACIFIC COAST HWY","VERMONT AV",5.00,E,N,A,-,Y,LA,7,1,-,-,12.171,I,5,N,N,2,0,1,2,A,-,12,21453,A,N,D,G,A,A,H,-,C,A,0,,Y,,,Y,,-,99,1,0,0,0,0,0,1,0,0,"- ","- ",,,"LOS ANGELES","LOS ANGELES",-118.29167938232422,33.791061401367188
9601345,2022,2023-08-18,1942,2022-12-28,0120,43452,0669,3,5,7,1942,0,0,0,F,0,6A77W3,"SANTA MONICA BL","OXFORD AV",0.00,,Y,A,-,Y,LA,7,2,-,-,12.701,I,5,E,Y,4,0,1,2,A,-,08,22107,,N,A,C,A,A,H,-,C,D,0,,,,,Y,,-,"- ",0,0,1,0,0,0,0,0,0,"- ","- ",,,"LOS ANGELES","LOS ANGELES",-118.30722808837891,34.090785980224609
9601779,2023,2023-09-21,1942,2023-08-19,0905,33458,1722,6,5,7,1942,0,0,0,Q,0,26M27,"DEVONSHIRE ST","TOPANGA CANYON BL",0.00,,Y,A,-,Y,LA,7,27,-,-,18.629,I,5,S,Y,2,0,1,2,A,-,11,21950,B,N,G,B,B,A,H,-,A,A,0,Y,,,,Y,,N,60,1,0,0,0,1,0,0,0,0,"- ","- ",,,"LOS ANGELES","LOS ANGELES",-118.60614776611328,34.257228851318359
9601834,2023,2023-09-21,1942,2023-08-08,1858,45455,0811,2,5,7,1942,0,0,0,H,0,8A1,"PACIFIC COAST HWY","ENTRADA DR",0.00,,Y,A,-,Y,LA,7,1,-,-,37.001,I,5,S,Y,2,0,1,3,A,-,08,22101,D,N,D,C,A,A,H,-,A,A,0,,,Y,,Y,,A,07,1,0,0,0,0,0,0,0,1,"- ","- ",,,"LOS ANGELES","LOS ANGELES",-118.51891326904297,34.027782440185547
9604247,2023,2023-11-29,1942,2023-10-01,1645,41671,1473,7,5,7,1942,0,0,0,N,0,27TL46,"LINCOLN BL","83RD ST",0.00,,Y,A,-,Y,LA,7,1,-,-,29.371,I,5,S,N,2,0,2,3,A,-,11,21950,B,N,G,B,B,A,H,-,A,A,0,Y,,,,Y,,N,60,1,1,0,0,2,0,0,0,0,"- ","- ",,,"LOS ANGELES","LOS ANGELES",-118.42180633544922,33.962673187255859
9608046,2023,2023-08-25,1942,2023-07-26,2210,41072,0515,3,5,7,1942,0,0,0,E,0,25T33,"BAY VIEW AV","PACIFIC COAST HWY",0.00,,Y,A,-,Y,LA,7,1,-,-,10.963,I,5,S,Y,2,0,1,3,A,-,09,21802,A,F,D,C,A,A,H,-,C,A,0,,,Y,Y,Y,,A,01,1,0,0,0,0,0,0,0,1,"- ","- ",,,"LOS ANGELES","LOS ANGELES",-118.27075958251953,33.790718078613281
9608474,2023,2023-08-29,1942,2023-07-14,0130,41957,1444,5,5,7,1942,0,0,0,N,0,27T33,"LINCOLN BL","JEFFERSON WY",0.00,,Y,A,-,Y,LA,7,1,-,-,30.163,I,5,S,N,2,0,1,2,A,-,03,22350,,F,H,G,A,A,H,-,C,A,0,,Y,,,Y,,-,99,1,0,0,0,0,0,1,0,0,"- ","- ",,,"LOS ANGELES","LOS ANGELES",-118.43041229248047,33.972042083740234
9614949,2022,2023-08-30,1942,2022-11-16,0710,37511,1415,3,5,7,1942,0,0,0,N,0,27TL23,"LINCOLN BL","ROSE AV",0.00,,Y,A,-,Y,LA,7,1,-,-,33.171,I,5,S,Y,4,0,1,3,A,-,12,21453,A,N,D,C,A,A,H,-,A,A,0,,,,,Y,,D,22,0,0,1,0,0,0,0,0,0,"- ","- ",,,"LOS ANGELES","LOS ANGELES",-118.46794891357422,34.001316070556641
9615537,2023,2023-09-11,1942,2023-07-22,2110,42863,0532,6,5,7,1942,0,0,0,E,0,25T37W,"PACIFIC COAST HWY","MC DONALD AV",0.00,,Y,A,-,Y,LA,7,1,-,-,11.024,I,5,S,Y,2,0,1,2,A,-,03,22350,,N,D,C,A,A,H,-,C,D,0,,,Y,,Y,,C,02,1,0,0,0,0,0,0,0,1,"- ","- ",,,"LOS ANGELES","LOS ANGELES",-118.27182006835938,33.790660858154297
9624103,2023,2023-10-30,1942,2023-08-12,1240,40404,0516,6,5,7,1942,0,0,0,E,0,25TL23,"RT 1","ISLAND AV",0.00,,Y,A,-,Y,LA,7,1,-,-,10.744,I,5,N,Y,1,1,1,2,A,-,09,21801,A,N,D,C,A,A,H,-,A,A,0,,,,,Y,,A,07,0,0,1,0,0,0,0,0,0,"- ","- ",,,"LOS ANGELES","LOS ANGELES",-118.26699829101562,33.791023254394531
9625120,2023,2023-10-06,1942,2023-08-13,2045,37839,1494,7,5,7,1942,0,0,0,N,0,14ZL94,"IMPERIAL HWY","SEPULVEDA BL",0.00,,Y,A,-,Y,LA,7,1,-,-,25.921,I,5,N,N,3,0,2,3,A,-,05,21650,1,F,H,G,A,-,H,-,C,A,0,,Y,,,Y,,L,04,0,2,0,0,0,0,2,0,0,"- ","- ",,,"LOS ANGELES","LOS ANGELES",-118.39602661132812,33.931064605712891
9631844,2023,2023-12-07,1942,2023-10-13,1440,38996,1722,5,5,7,1942,0,0,0,Q,0,26TL77,"TOPANGA CANYON BL","DEVONSHIRE ST",0.00,,Y,A,-,Y,LA,7,27,-,-,18.629,I,5,N,Y,2,0,2,3,A,-,09,21801,A,N,D,C,A,A,H,-,A,A,0,,,Y,,Y,,A,01,1,1,0,0,0,0,0,0,1,"- ","- ",,,"LOS ANGELES","LOS ANGELES",-118.60601806640625,34.257232666015625
9633953,2023,2024-02-01,1942,2023-08-10,2140,37511,0852,4,5,7,1942,0,0,0,H,0,27T35,"SANTA MONICA BL","BARRINGTON AV",25.00,E,N,A,-,Y,LA,7,2,-,-,3.081,I,5,W,N,2,0,1,2,A,-,11,21954,A,N,-,B,D,A,H,-,C,A,0,Y,,,,Y,,N,60,1,0,0,0,1,0,0,0,0,"- ","- ",,,"LOS ANGELES","LOS ANGELES",-118.45601654052734,34.043827056884766
9637308,2023,2024-01-19,1942,2023-10-28,1245,39397,0517,6,5,7,1942,0,0,0,E,0,25TL25,"BROAD AV",PCH,35.00,N,N,A,-,Y,LA,7,1,-,-,10.436,I,6,N,N,3,0,1,2,A,-,11,21954,A,F,B,B,E,A,H,-,A,D,0,Y,,,,Y,,N,60,0,1,0,0,1,0,0,0,0,"- ","- ",,,"LOS ANGELES","LOS ANGELES",-118.26165771484375,33.791332244873047
9656105,2023,2024-01-17,1942,2023-11-18,1845,43712,2136,6,5,7,1942,0,0,0,,0,26T35,"TOPANGA CANYON BL","STRATHERN ST",0.00,,Y,B,-,Y,LA,7,27,-,-,15.541,I,5,S,N,2,0,1,2,A,-,08,22100,A,N,D,C,A,A,H,-,C,A,0,,,Y,,Y,,C,02,1,0,0,0,0,0,0,0,1,"- ","- ",,,"LOS ANGELES","LOS ANGELES",-118.60607147216797,34.215576171875
9656358,2023,2024-03-08,1942,2023-06-14,1745,45259,1444,3,5,7,1942,0,0,0,N,0,14X16W,"LINCOLN BL","HARRISON AV",0.00,,Y,A,-,Y,LA,7,1,-,-,31.821,I,5,S,Y,4,0,1,3,A,-,09,21801,A,F,D,C,A,A,H,-,A,D,0,,,,,Y,,-,99,0,0,1,0,0,0,0,0,0,"- ","- ",,,"LOS ANGELES","LOS ANGELES",-118.44828033447266,33.990859985351562
9656394,2023,2024-04-26,1942,2023-11-15,0110,37340,,3,5,7,1942,0,0,0,,0,2134,"TOPANGA CANYON BL","SHERMAN WY",0.00,,-,A,-,Y,LA,7,27,-,-,14.550,I,5,N,,4,0,1,2,A,-,12,21453,A,F,D,C,A,A,A,-,C,A,0,,,,,Y,,-,,0,0,1,0,0,0,0,0,0,"- ","- ",,,"LOS ANGELES","LOS ANGELES",-118.60586547851562,34.201057434082031
9656462,2023,2024-03-08,1942,2023-12-26,1300,38598,0519,2,5,7,1942,0,0,0,E,0,25T23,"PACIFIC COAST HWY","WATSON AV",0.00,,Y,A,-,Y,LA,7,1,-,-,9.681,I,5,S,N,4,0,1,2,A,-,03,22350,,F,G,B,B,-,H,-,A,A,0,Y,,,,Y,,-,99,0,0,1,0,1,0,0,0,0,"- ","- ",,,"LOS ANGELES","LOS ANGELES",-118.24808502197266,33.790889739990234
9656660,2023,2024-03-01,1942,2023-12-14,0830,40440,0511,4,5,7,1942,0,0,0,E,0,25TL27,"BELLE PORTE AV","RT 1",0.00,,Y,A,-,Y,LA,7,1,-,-,12.733,I,5,S,N,3,0,1,2,A,-,10,21950,A,N,G,B,B,A,H,-,A,A,0,Y,,,,Y,,A,01,0,1,0,0,1,0,0,0,0,"- ","- ",,,"LOS ANGELES","LOS ANGELES",-118.30120086669922,33.789405822753906
9656661,2023,2024-03-01,1942,2023-10-21,0715,34959,0657,6,5,7,1942,0,0,0,F,0,27TL29,"SANTA MONICA BL","WILTON PL",0.00,,Y,A,-,Y,LA,7,2,-,-,12.320,I,5,W,N,3,0,1,2,A,-,12,21453,A,F,D,C,A,A,H,-,A,A,0,,,Y,,Y,,-,99,0,1,0,0,0,0,0,0,1,"- ","- ",,,"LOS ANGELES","LOS ANGELES",-118.31358337402344,34.090766906738281
9670729,2023,2024-04-26,1942,2023-11-14,1230,38600,0532,2,5,7,1942,0,0,0,E,0,5A18,"WILMINGTON BL","RT 1",50.00,S,N,A,-,Y,LA,7,1,-,-,11.208,I,6,S,N,4,0,1,1,A,-,03,22350,,M,E,I,A,A,H,-,A,D,0,,,,,Y,,A,08,0,0,1,0,0,0,0,0,0,"- ","- ",,,"LOS ANGELES","LOS ANGELES",-118.27500915527344,33.790489196777344
9694507,2023,2024-05-10,1942,2023-10-01,1435,41516,0824,7,5,7,1942,0,0,0,H,0,24TL44,"PACIFIC COAST HWY","ENTRADA DR",0.00,,Y,A,-,Y,LA,7,1,-,-,37.001,I,5,S,N,4,0,3,2,A,-,00,21101,D,N,D,C,A,A,H,-,A,A,0,,,,,Y,,A,07,0,0,3,0,0,0,0,0,0,"- ","- ",,,"LOS ANGELES","LOS ANGELES",-118.51891326904297,34.027782440185547